index,axis-0,axis-1
0.0,5.95378151260504,230.13777089783284
1.0,40.37394957983194,329.77509951348964
2.0,130.04754533392304,317.999778858912
3.0,202.51105705440074,217.45665634674927
4.0,127.33016364440515,132.312030075188
5.0,34.03339230429014,137.74679345422382
